Smith John;2005-08-15;New York
Johnson Emily;1998-03-21;Los Angeles
Brown Michael;2001-12-04;Chicago
Wilson Sarah;1995-07-09;Houston
Davis James;2003-02-10;Phoenix
Martinez Olivia;2000-11-25;Philadelphia
Anderson William;1997-05-24;San Antonio
Taylor Sophia;2009-03-26;San Diego
Garcia Benjamin;2002-09-07;Dallas
Miller Elizabeth;1991-02-15;San Jose
Jones Daniel;2010-01-21;Austin
Hernandez Emma;2000-10-14;Jacksonville
White Joseph;1999-03-08;San Francisco
Jackson Mia;1994-09-21;Indianapolis
Clark Christopher;2008-06-15;Columbus
Thomas Evelyn;1992-07-10;Fort Worth
Lee David;2006-04-14;Charlotte
Hall Isabella;1996-09-12;Seattle
Gonzalez Alexander;2004-09-01;Denver
Harris Ava;2007-11-14;El Paso
Moore Sophia;1993-08-09;Detroit
Young Benjamin;2016-06-09;Memphis
King Victoria;1999-06-27;Boston
Turner Olivia;1998-10-09;Nashville
Lewis William;1995-11-08;Portland
Walker Emma;2001-08-14;Oklahoma City
Rodriguez Noah;2008-02-01;Las Vegas
Clark Ava;1993-12-13;Louisville
Hall Samuel;2009-02-18;Baltimore
Thomas Madison;2002-03-17;Milwaukee
Hernandez Isabella;2014-12-07;Albuquerque
Harris Jackson;1996-04-25;Tucson
Smith Emily;2003-06-20;Fresno
Williams James;1997-03-22;Sacramento
Moore Mia;1994-04-25;Kansas City
Jones Noah;2005-02-10;Long Beach
Davis Victoria;2000-05-14;Mesa
Brown Sofia;2013-10-11;Atlanta
White Benjamin;2015-08-11;Virginia Beach
Martin Isabella;2006-11-25;Raleigh
Garcia Sophia;2005-08-15;New York
Lee Benjamin;2000-11-14;Dallas
Gonzalez Emma;2004-06-30;San Jose
Clark Daniel;1997-09-21;Austin
Rodriguez Mia;2002-01-18;Jacksonville
Anderson Chloe;1996-10-05;Indianapolis
Thomas Liam;2005-07-09;San Francisco
White Ava;1998-04-19;Columbus
Moore Elijah;2001-02-28;Fort Worth
Jackson Charlotte;2003-11-25;Charlotte
Adams Ethan;2000-03-12;Detroit
Hall Harper;2004-08-06;El Paso
Martin Noah;2006-06-22;Memphis
Turner Grace;1999-10-14;Seattle
Lewis Mia;1995-06-15;Denver
Walker William;2005-09-09;Nashville
Young Avery;1997-01-03;Milwaukee
Hernandez Isabella;2001-07-18;Portland
King Olivia;2003-12-30;Oklahoma City
Allen Liam;2000-09-24;Las Vegas
Scott Amelia;2004-04-07;Louisville
Green Benjamin;1998-08-29;Baltimore
Hall Emily;1996-05-21;Tucson
Collins James;2003-01-15;Albuquerque
Cook Harper;2005-03-02;Fresno
Parker Grace;2006-06-14;Sacramento
Carter Noah;1999-11-10;Kansas City
Morales Elijah;2001-07-04;Long Beach
Bennett Ava;2002-02-18;Mesa
Foster Mia;2000-10-08;Atlanta
Ramirez Olivia;1998-04-03;Virginia Beach
Sanders William;1997-01-28;Omaha
Price Charlotte;2004-09-13;Raleigh
Barnes Emma;1995-05-17;Miami
Perez Benjamin;2003-11-08;Oakland
Howard Liam;2005-08-27;Minneapolis
Long Sophia;2006-03-01;Tulsa
Bailey Chloe;2000-12-11;Arlington
Rivera Isabella;1999-02-04;New Orleans
Cooper Michael;2001-06-19;Wichita
Miller Elizabeth;1991-02-15;San Jose
Jones Daniel;2010-01-21;Austin
Hernandez Emma;2000-10-14;Jacksonville
White Joseph;1999-03-08;San Francisco
Jackson Mia;1994-09-21;Indianapolis
Clark Christopher;2008-06-15;Columbus
Thomas Evelyn;1992-07-10;Fort Worth
Lee David;2006-04-14;Charlotte
Hall Isabella;1996-09-12;Seattle
Gonzalez Alexander;2004-09-01;Denver
Harris Ava;2007-11-14;El Paso
Moore Sophia;1993-08-09;Detroit
Young Benjamin;2016-06-09;Memphis
King Victoria;1999-06-27;Boston
Turner Olivia;1998-10-09;Nashville
Lewis William;1995-11-08;Portland
Walker Emma;2001-08-14;Oklahoma City
Rodriguez Noah;2008-02-01;Las Vegas
Clark Ava;1993-12-13;Louisville
Hall Samuel;2009-02-18;Baltimore
Thomas Madison;2002-03-17;Milwaukee
Hernandez Isabella;2014-12-07;Albuquerque
Harris Jackson;1996-04-25;Tucson
Smith Emily;2003-06-20;Fresno
Williams James;1997-03-22;Sacramento
Moore Mia;1994-04-25;Kansas City
Jones Noah;2005-02-10;Long Beach
Davis Victoria;2000-05-14;Mesa
Brown Sofia;2013-10-11;Atlanta
White Benjamin;2015-08-11;Virginia Beach
Martin Isabella;2006-11-25;Raleigh
Garcia Sophia;2005-08-15;New York
Lee Benjamin;2000-11-14;Dallas
Gonzalez Emma;2004-06-30;San Jose
Clark Daniel;1997-09-21;Austin
Rodriguez Mia;2002-01-18;Jacksonville
Anderson Chloe;1996-10-05;Indianapolis
Thomas Liam;2005-07-09;San Francisco
White Ava;1998-04-19;Columbus
Moore Elijah;2001-02-28;Fort Worth
Jackson Charlotte;2003-11-25;Charlotte
Adams Ethan;2000-03-12;Detroit
Hall Harper;2004-08-06;El Paso
Martin Noah;2006-06-22;Memphis
Turner Grace;1999-10-14;Seattle
Lewis Mia;1995-06-15;Denver
Walker William;2005-09-09;Nashville
Young Avery;1997-01-03;Milwaukee
Hernandez Isabella;2001-07-18;Portland
King Olivia;2003-12-30;Oklahoma City
Allen Liam;2000-09-24;Las Vegas
Scott Amelia;2004-04-07;Louisville
Green Benjamin;1998-08-29;Baltimore
Hall Emily;1996-05-21;Tucson
Collins James;2003-01-15;Albuquerque
Cook Harper;2005-03-02;Fresno
Parker Grace;2006-06-14;Sacramento
Carter Noah;1999-11-10;Kansas City
Morales Elijah;2001-07-04;Long Beach
Bennett Ava;2002-02-18;Mesa
Foster Mia;2000-10-08;Atlanta
Clark Christopher;2008-06-15;Columbus
Thomas Evelyn;1992-07-10;Fort Worth
Lee David;2006-04-14;Charlotte
Hall Isabella;1996-09-12;Seattle
Gonzalez Alexander;2004-09-01;Denver
Harris Ava;2007-11-14;El Paso
Moore Sophia;1993-08-09;Detroit
Young Benjamin;2016-06-09;Memphis
King Victoria;1999-06-27;Boston